Relevance,Explanation
PARTLY_RELEVANT,"The generated answer provides the correct syntax for using precision_recall_fscore_support, but it's not directly related to the original question. The original question only asked about the syntax, while the provided answer also includes example code and variable assignments. The relevance is partly because it addresses the initial inquiry about the syntax, but it could be more relevant if it only focused on the syntax itself."
PARTLY_RELEVANT,"The generated answer partially captures the essence of the original answer, but it lacks some crucial details and specific examples. It correctly identifies the issue with pickle references in the global namespace (`__main__` module) and proposes a solution to put the class into a separate module. However, the generated answer does not explicitly mention the use of Flask or waitress, which is an important context for understanding the problem. Additionally, it simplifies the explanation by stating 'pickle will reference the class in the global namespace (`__main__` module)', whereas the original answer provides more nuanced information about the role of `__main__` and its relation to the model's saving process."
RELEVANT,"The generated answer is identical to the original answer, providing the correct command to launch a container image in interactive mode. The added context about the FAQ database and the debugging process does not affect the relevance of the information provided."
PARTLY_RELEVANT,"The generated answer does mention the possibility of making a pull request, which is relevant to the original text. However, it doesn't fully capture the context and tone of the original sentence, which emphasizes the idea that while Keras is used for homework, equivalent solutions using PyTorch are also welcome. The generated answer could have been more specific and aligned with the original tone to be considered more relevant."
RELEVANT,"The generated answer provides an insight into the potential cause of the pip version error, which is consistent with the original answer's focus on the error and its possible causes. Although the generated answer does not specifically mention Alex video or copying links, it still addresses the core issue of Python version mismatch, which is the primary concern in the original answer."
RELEVANT,"Although the generated answer is not identical to the original, it still conveys the correct information about what command to run after editing the metrics-server. The context provided in the generated answer matches the scenario described in the original, and the suggestion to check HPA status again aligns with the original's solution."
RELEVANT,"The generated answer is highly relevant to the original answer, as it provides the same solution (using `aws --version` command) and explicitly mentions eksctl compatibility, which was also present in the original context."
PARTLY_RELEVANT,"The generated answer is partly relevant because it correctly identifies the way data splitting as a potential reason for different accuracy values. However, it does not explicitly mention the inconsistency between the two options provided in the original answer. The additional context about FAQs and section 4 is also not present in the original text."
PARTLY_RELEVANT,"The generated answer partially matches the original answer in terms of providing a solution to the problem of losing the REMOTE_URI variable after the session ends. However, it only provides one example and does not mention that the variable will be lost once the session is terminated. Additionally, it does not address the issue of no curly brackets needed unlike in video 9.6."
RELEVANT,"The generated answer directly addresses the question about finding the script to generate the Kitchenware Classification Competition dataset, which is similar to the original context where Martin Uribe wrote a script to generate a specific layout for the dino vs dragon lesson. The provided link matches the format and structure of the original URL mentioned in the original answer."
PARTLY_RELEVANT,"The generated answer 'What is the solution for the TensorFlow Serving error on Apple M1 Mac?' partially relates to the original answer. The generated question and answer do mention the issue with running Docker code on an M1 machine, which aligns with the context of the original answer. However, the generated answer does not directly provide a solution to the specific error message mentioned in the original answer (e.g., 'Error: Status: Downloaded newer image for tensorflow/serving:2.7.0 ...'). Instead, it seems to be a more general query asking for the solution to a TensorFlow Serving error on an M1 Mac."
PARTLY_RELEVANT,"The generated answer acknowledges that there is no specific context provided, which aligns with the original question's focus on resolving the NotSupportedError. However, it does not provide any practical steps to resolve the error, unlike the original answer which offers two solution options. The generated answer also lacks the detailed information and potential drawbacks mentioned in the original answer."
PARTLY_RELEVANT,"The generated answer mentions Tzvi Friedman as the one who added the solution, which is correct. However, the original answer is more focused on providing a fix to the 'Failed to find data adapter' error and how it can be solved by using training and validation dataset instead of image generator. The relevance between the two answers is not fully aligned, but they do share some common information."
RELEVANT,"The generated answer is relevant to the original answer as it reproduces the exact same steps and syntax mentioned in the original answer, providing a verbatim copy of the first step required to install Kind through Choco. The level of detail and similarity between the two answers suggests that the generated answer is highly relevant."
RELEVANT,"The generated answer directly addresses the question asked and provides an example of how to fetch data for homework using the requests library, which is similar to the original context. The code snippet provided in the generated answer is identical to the one found in the original answer, demonstrating a strong relevance between the two."
RELEVANT,"The generated answer directly addresses the original question, providing an accurate and relevant solution to compute RMSE in one step using `mean_squared_error` with `squared=False`. The generated answer mirrors the original context and provides a concise and clear explanation, demonstrating a strong relevance to the original answer."
RELEVANT,"The generated answer directly addresses the original question, which is to find documentation on how Lambda functions are initialized. The provided links match the ones mentioned in the original context, making it relevant and accurate."
PARTLY_RELEVANT,"The generated answer provides some relevant information, such as the options to read data from a GitHub URL using `pd.read_csv`, `requests` library, and Kaggle Notebooks. However, it does not directly address the original prompt's suggestion to load the dataset into a pandas dataframe, which is the main point of relevance."
RELEVANT,"The generated answer accurately explains the reason why all missing values end up in the training dataframe when using a random seed of 42, which is similar to the original answer. The additional context about the homework question and its purpose also matches well with the original answer's explanation."
RELEVANT,"The generated answer provides almost identical information as the original answer, including specific instructions on where to find materials related to the cohort. The only minor difference is that the generated answer does not mention watching office hours from previous cohorts or going to DTC youtube channel, but overall the content and context are very similar to the original answer."
RELEVANT,"The generated answer is highly relevant to the original answer, as it provides the same information and link. The response is a direct answer to the question, and the provided URL matches exactly with the one mentioned in the original answer."
PARTLY_RELEVANT,"The generated answer correctly identifies Random Forest as an example of bagging and XGBoost as an example of boosting, which aligns with the original text. However, it only provides a brief summary of each algorithm without adding any new insights or details, whereas the original text provides more in-depth explanations. Additionally, the generated answer is overly simplified and doesn't accurately reflect the nuances of bagging (mentioning 'parallel' training) and boosting (mentioning the sequential process). The overall relevance to the original context is limited."
PARTLY_RELEVANT,"The generated answer provides correct information about the contributor, but it lacks context. The original answer does not explicitly mention metrics on a series or dataframe in section 4, whereas the generated question and answer do so. Although the generated answer is accurate, its relevance to the original context is limited due to the added contextual information."
RELEVANT,"The generated answer is highly relevant to the original answer as it directly addresses the same topic of normal form derivation for regression. The generated answer also provides specific information about a video that explains the concept, which is similar to what was mentioned in the original answer."
PARTLY_RELEVANT,"The generated answer partially relates to the original question, as it provides information about Google Cloud Platform (GCP) offering free services. However, the context and scope are limited compared to the original answer, which discusses multiple cloud platforms (AWS, GCP, Saturn) and mentions a specific promo link for Saturn. The generated answer focuses solely on GCP's free services and doesn't provide the same level of detail or alternative options as the original answer."
PARTLY_RELEVANT,"The generated answer mentions Docker in Google Colab, which is relevant to the original answer that also discusses using Docker in Google Colab. However, the provided link and additional context about Lambda API Gateway errors seem unrelated to the generated question's focus on finding a guide for using Docker in Google Colab. The generated answer could be more relevant if it provided specific guidance or tips on using Docker in Google Colab."
PARTLY_RELEVANT,"The generated answer mentions the correct library and function (sklearn.metrics and mean_squared_error) but it's only partially relevant as it provides more information than what was asked. The original question asks for the command to import the required function, not how to use it or what its purpose is. Note that while the generated answer does contain the correct information, it also includes additional details that weren't asked about (such as the fact that 'mean_squared_error' can be used with 'squared=False' to return RMSE). This makes it only partly relevant to the original question."
NON_RELEVANT,"The generated answer is not relevant to the original question, which is about finding an alternative command if the region is configured by default. The generated answer talks about pipenv and virtual environments, which has no connection to AWS or region configuration. Additionally, it provides a wrong assumption that there would be an alternative command mentioned in context when actually no such information is provided."
RELEVANT,"The generated answer accurately identifies the pandas function used to directly compute the standard deviation from a series, which is also mentioned in the original answer. The context and content of the generated answer match the original answer's focus on using `std()` for calculating standard deviation."
PARTLY_RELEVANT,"The generated answer is partially relevant because it does provide the default value of the number of workers in the fit function. However, it only provides a generic answer without any context about using it for training models or GPUs like the original answer mentions. The original answer also shares personal experience and specific details about using 2560 workers on a T4 GPU, which is not present in the generated answer."
RELEVANT,"The generated answer is highly relevant to the original answer. The generated answer provides an exact solution to load a Keras model with compile=False, which matches the original answer provided. Both answers deal with loading a Keras model and the need to add compile=False. The similarity in context, solution, and message make it clear that the generated answer is directly related to the original answer."
PARTLY_RELEVANT,"The generated answer partially addresses the original question about verifying results obtained using one's own code. However, it does not directly answer the question of choosing between multiple thresholds with the same F1 score. The provided solution focuses on evaluating overall performance using scikit-learn functions, rather than addressing the specific concern about selecting the best threshold. While the generated answer mentions verification and evaluation metrics, it doesn't provide a clear method for choosing between multiple thresholds with the same F1 score, which was the main question asked in the original text."
RELEVANT,"The generated answer not only answers the original question but also provides a similar conclusion. The phrase 'you don't always need to apply regularization techniques' matches the tone and content of the original answer, which recommends considering regularization depending on the specific situation. Additionally, both answers provide similar recommendations for when to use regularization, such as with small datasets or complex models."
PARTLY_RELEVANT,"The generated answer correctly identifies the role of `np.sign` in determining the intercept between precision and recall curves, but it does not provide the complete context. The original answer provides a specific example of how to calculate the intercept using `np.diff` and `np.sign`, which is not fully explained in the generated answer."
PARTLY_RELEVANT,"The generated answer partially relates to the original problem description and solution, as it also talks about running out of storage and removing Docker images. However, the provided steps and details are too simplistic and lack the depth and context of the original answer. Specifically, the original text mentions specific challenges with deleting docker images not freeing up space immediately, which is missing from the generated answer."
RELEVANT,"The generated answer is highly relevant as it directly addresses the question 'In which order are folders read when determining numeric class labels in flow_from_directory in TensorFlow?' and provides an exact quote from the original FAQ database, which confirms that folders will be read in alphabetical order. The answer also includes specific examples to support its claim, making it a good match with the original answer."
PARTLY_RELEVANT,"The generated answer partially matches the original one, as it provides the correct file and DNS settings to modify. However, it lacks the additional instruction to restart Docker using `sudo service docker restart`, which is an important part of the original answer. The context also does not match exactly, as the original answer is about modifying a file in a specific directory (`/etc/docker/daemon.json`) whereas the generated answer refers to a question from another section."
RELEVANT,"The generated answer correctly interprets the original phrase 'Train multiple models, tune their performance, and select the best model' to imply having more than one model is sufficient. The generated answer also provides a similar conclusion that there is no specific number of models required for the midterm. Although it does not explicitly state 'train as many as you can', the overall message and implication are consistent with the original answer."
PARTLY_RELEVANT,"The generated answer is partially relevant because it correctly explains why FPR being 0.0 when the threshold is 1.0, which is a key point from the original answer. However, the generated answer only scratches the surface of this explanation and does not provide the same level of depth and nuance as the original answer. It also omits some important details, such as Alena Kniazeva's name, which are present in the original answer."
RELEVANT,"The generated answer accurately provides the pandas method to calculate the standard deviation of a series, which is directly relevant to the original question. The provided examples also match the context and content of the original answer."
PARTLY_RELEVANT,"The generated answer is related to the original question, but it's not identical. The key point that the generated answer misses is the explicit mention of making conclusions based on df_train instead of using the validation data. However, the overall idea and context are similar between the two answers."
PARTLY_RELEVANT,"The generated answer provides information on setting up a Conda environment, which is related to the original question. However, it does not address the issue of correcting homework or accessing a repository, which are topics mentioned in the original context."
PARTLY_RELEVANT,"The generated answer partially addresses the issue of ValueError related to feature names when using XGBoost, but it only provides a partial solution by suggesting replacing problematic characters with underscores. The original answer also mentions another solution (not specifying 'feature_names' while creating xgb.DMatrix) that is not mentioned in the generated answer."
PARTLY_RELEVANT,"The generated answer does provide a potential solution to resolve the 'Cannot connect to the docker daemon' issue, which is the main problem described in the original question. However, it only addresses WSL connectivity issues and does not cover the broader topic of getting Docker installed on WSL, as mentioned in the original answer."
RELEVANT,"The generated answer is relevant to the original answer because it addresses the possibility of earning a certificate, which is similar to the original answer. Although it provides more specific details about the requirements for earning a certificate, it still maintains the essence of the original answer's message about it being possible."
NON_RELEVANT,"The generated answer provides instructions on how to run Docker containers, but it does not address the error message about not being able to connect to the Docker daemon. The original question is asking about troubleshooting a specific issue with the Docker daemon, whereas the generated answer only touches upon running containers and does not provide any relevant information for fixing the original problem."
RELEVANT,"The generated answer is relevant because it addresses the question of eligibility for certification despite missing a project, which is directly related to the original answer's mention of 'previous answer' implying that there might be questions about certification. The generated answer also provides specific context and rules for certification, making it similar in content and relevance to the original answer."
PARTLY_RELEVANT,"The generated answer provides the same installation command as the original, which is relevant. However, it also includes additional information about Section 5 and the context of installing md5sum on MacOS, which is not present in the original answer."
RELEVANT,"The generated answer is highly relevant to the original answer. The same command and syntax are presented in both answers, which indicates that the RAG system has accurately retrieved and generated information matching the original context."
PARTLY_RELEVANT,"The generated answer partially addresses the original question about whether there is a YouTube video covering Evaluation Metrics for Classification. While it doesn't directly provide an affirmative or negative answer, it does mention that 'the provided context' (referring to the FAQ database) provides valuable information on classification metrics. This is somewhat relevant as it implies that the speaker may not have a specific video on this topic, but there are other resources available. However, it's unclear whether these resources specifically cover Evaluation Metrics for Classification."
PARTLY_RELEVANT,"The generated answer mentions the same version of the zoomcamp-model image (svizor/zoomcamp-model:3.10.12-slim) as the original answer, which suggests some relevance. However, the context is slightly different - the original answer provides additional information about the model and dictvectorizer that should be used for question 6, whereas the generated answer only focuses on the image version."
PARTLY_RELEVANT,"The generated answer is mostly relevant, as it correctly identifies FeatureHasher as the better option for categorical features with high cardinality. However, the generated answer only partially captures the context of the original text, as it fails to mention the trade-off between using FeatureHasher and DictVectorizer based on the number of unique values. Additionally, the generated answer does not explicitly state that preserving feature names is a consideration for using DictVectorizer."
NON_RELEVANT,"The generated answer provides a specific data splitting method, but it's not the same method recommended in the original text. The original recommendation is based on a different combination of train, validation, and test sets, whereas the generated answer only discusses train and test sets."
RELEVANT,"The generated answer is highly relevant to the original answer because it provides an exact solution to the problem of loading saved model weights. The generated answer also accurately references the correct section (Neural Networks and Deep Learning) and question from the FAQ database, indicating that it is based on relevant knowledge."
RELEVANT,"The generated answer provides an explanation for the observed phenomenon of changing AUC values when re-running the DecisionTreeClassifier multiple times. The provided solution to set a fixed random seed is also correct and relevant to the original question, addressing the main concern of reproducing consistent results."
RELEVANT,"The generated answer is directly addressing the issue of f-string errors in deploying machine learning models. It provides specific solutions and recommendations, which are relevant to the original question. The only minor difference is that the original question specifically mentioned issues with 'import pickle', whereas the generated answer does not mention pickle at all. However, this does not detract from the overall relevance and similarity of the generated answer to the original one."
RELEVANT,"The generated answer is highly relevant to the original answer as it presents the same solution steps in response to the question about what to do when restarting Docker Desktop and terminal fails. The generated answer maintains the same sequence of steps to fix the metadata loading error, which aligns with the original answer. Although the wording and presentation are slightly different, the core information is identical, making it a relevant and matching response."
PARTLY_RELEVANT,"The generated answer partially addresses the question by acknowledging that there is no difference in skills taught between iterations, which is correct. However, it goes beyond what was asked and provides an additional explanation for why this is the case, using information from the original answer. While not entirely irrelevant, it doesn't directly answer the question 'Is there any difference...' as well."
RELEVANT,"The generated answer addresses part of the original answer, specifically the first point about homework requirements. Although the generated answer does not fully capture the nuances and caveats mentioned in the original (e.g., compatibility with MCQ options and peer-reviewers' understanding), it is relevant to the topic of Python library versions and their impact on homework completion."
RELEVANT,"The generated answer provides two relevant solutions to resolve the 'wget is not recognized as an internal or external command' error on Windows, which are similar to the original answer's instructions. Although it omits some details and specific platforms (Ubuntu, Mac), the provided information is still applicable and useful for resolving the issue."
PARTLY_RELEVANT,"The generated answer is partially relevant to the original answer because it mentions 'who provided the solution' which matches the main idea of the original answer. However, the context and details are not similar as the generated answer does not mention 'sklearn needs to be installed' which was a crucial part of the original answer."
RELEVANT,"The generated answer accurately addresses the question and provides a correct solution to the issue described. The mistake in the `bentofile.yaml` file and its fix are identical to those mentioned in the original answer, indicating high relevance."
RELEVANT,"The generated answer is relevant to the original answer as both confirm that it's okay to leave most fields as their default values when configuring AWS, except for the Access Key ID and Secret Access Key. The similarity in their message and tone suggests a high level of relevance."
RELEVANT,The generated answer is highly relevant to the original answer. Both answers address the same issue (memory allocation error in AWS ECS) and provide the same solution (increasing RAM and CPU in the task definition). The context provided in the generated answer further supports its relevance by explaining why this solution works.
PARTLY_RELEVANT,"The generated answer is partially relevant because it correctly identifies the consequence of a negative accuracy difference when removing a feature. However, it does not provide the complete context and reasoning provided in the original answer. Specifically, the original answer highlights that the 'smallest' difference should be considered in absolute values, which is missing from the generated answer."
PARTLY_RELEVANT,"The generated answer partially matches the original context, as it mentions Ángel de Vicente's steps to fix the protobuf issue. However, the accuracy and relevance of the specific details (e.g., package versions) are not entirely consistent with the original answer. The generated answer also appears to be focused on a different part of the session (Kubernetes and TensorFlow Serving), which deviates from the original context."
RELEVANT,"The generated answer provides steps to set up CUDA and cuDNN on Ubuntu 22.04, which is directly related to the original answer's topic of setting up TensorFlow with GPU support on a local machine. The instructions in the generated answer match the context and topic of the original answer."
RELEVANT,"Although the generated answer does not directly provide instructions on how to initiate tasks for Week 10, it provides relevant guidance by suggesting specific resources (HW link, theory notes, and YouTube video) where one can find the necessary information. The answer also acknowledges that there is no specific instruction available, which aligns with the original question. Overall, the generated answer provides a useful direction towards finding the required information."
RELEVANT,"The generated answer correctly identifies the year mentioned in the original context, which is also relevant to using AUC. The generated question and answer are closely related to the original context."
RELEVANT,"The generated answer correctly identifies the error message 'Remote end closed connection without response' which is present in both the original question and solution. Although it doesn't explicitly mention Gunicorn or server-side issues, the context from the FAQ database provides a clear connection to the original topic, making the answer relevant."
RELEVANT,"The generated answer correctly identifies the same reason for using DictVectorizer or get_dummies after splitting data, which is to avoid data leakage. Although it's not an exact replica of the original text, the key concept and terminology are preserved, making it a relevant response."
RELEVANT,"The generated answer correctly identifies that there is no solution added to the FAQ section, which aligns with the original error message and provides additional context about the cause of the NameError issue. The answer also accurately reflects the fact that Manuel Alejandro Aponte documented this issue."
RELEVANT,"The generated answer directly addresses the mention of Yellowbrick in the original context, providing specific information about who mentioned its usage. The relevance is high because it accurately answers the question and does not deviate from the main topic."
PARTLY_RELEVANT,"The generated answer is somewhat relevant to the original solution, as it does address the issue of 'kind' not being recognized. However, the tone and style are quite different from the original solution, which is written in a more formal and informative manner. The generated answer seems to be attempting to provide a humorous take on the problem ('A Windows user having trouble!'), which does not match the original context."
RELEVANT,"The generated answer is highly relevant to the original answer as it directly addresses the same problem and provides a solution that matches the context. The only minor difference is the explicit mention of 'in a specific folder' in the original answer, which is not explicitly mentioned in the generated answer."
RELEVANT,"The generated answer is relevant to the original question because it provides specific steps and code snippet on how to visualize feature importance in scikit-learn. Although the tone, style, and level of detail are different from the original answer, the content itself addresses the same topic and provides practical guidance."
RELEVANT,"The generated answer directly addresses the issue of renaming a file that contains a dash to use with waitress-serve, which is the same problem discussed in the original answer. The solution provided in the generated answer matches the suggested solution in the original answer, namely replacing the dash with an underscore."
RELEVANT,"The generated answer closely matches the original answer. It provides the same solution to display only the size of a specific Docker image using 'docker image ls --format '{{.Size}}' <image name>' or 'docker images --format '{{.Size}}' <image name>'. The only difference is that it mentions section 5, but this does not affect the relevance of the answer."
RELEVANT,"The generated answer accurately explains the purpose and functionality of the KFold function, including its parameters n_splits, shuffle, and random_state. The generated answer correctly states that the function does not perform actual splitting, but rather serves as a generator object for the next loop. This aligns with the original answers' discussions about the KFold function being a generator object and the importance of using it correctly."
RELEVANT,"The generated answer is relevant because it provides the same command and example as the original answer, specifically using !wget to load the dataset in Kaggle Notebooks. Although the context is slightly different (FAQ database vs kaggle notebooks), the content of the generated answer is identical to the original, which makes it highly relevant."
RELEVANT,"The generated answer accurately explains how to calculate the probability of class 0 when a Keras model predicts the probability of class 1. The formula provided in the generated answer matches the one mentioned in the original answer, which is 'prob(class(0)) = 1 - prob(class(1))'. This suggests that the generated answer is relevant and provides a correct solution to the problem."
NON_RELEVANT,"The generated answer does not match the original answer provided. The topic of recording sessions and asking questions in advance is unrelated to the context of the original answer, which was not shared with me."
PARTLY_RELEVANT,"The generated answer is partially relevant as it correctly states that you can post the same content on multiple social sites to earn points, but it focuses only on the social media aspect and doesn't mention the additional context about posting links in the homework form or the scoring limitations. The original answer provides more comprehensive information about posting links and earning points."
PARTLY_RELEVANT,"The generated answer partially addresses the same issue as the original answer, which is why 'kind' is not recognized as an internal or external command. However, it does not provide the correct solution to rename the file and add its directory to the PATH environment variable, as mentioned in the original answer."
PARTLY_RELEVANT,"The generated answer partially captures the reason why mutual information score cannot directly use continuous variables. It correctly identifies that mutual information score is designed for categorical or discrete variables, which implies it needs to be applied to binary data. However, the explanation lacks nuance and does not accurately convey the potential issues with dividing continuous variables into bins, as mentioned in the original answer. The generated answer also rephrases the original text rather than providing a new insight or summary."
RELEVANT,"The generated answer is highly relevant to the original answer. It not only answers the generated question but also provides the same recommendation as the original context, which supports Krishna Anand's method of passing multiple parameters in a model using keras.models.Sequential(). The content and context of the generated answer align perfectly with the original answer, making it highly relevant."
RELEVANT,"The generated answer is relevant because it correctly identifies the two options for handling categorical features in ridge regression: dropping them or transforming them using one-hot encoding. Although the exact phrase 'sparse=True' is not present, the idea of using one-hot encoding with sparse=False is accurately captured. The answer also provides a brief reference to the original source (Section 3. Machine Learning for Classification), which shows an understanding of the context."
PARTLY_RELEVANT,"The generated answer is partly relevant because it addresses the context of using DictVectorizer, but the focus is on fitting_transform and transforming validation/test sets to avoid overfitting. This is related to the original answer's mention of avoiding convergence errors with sparse=True, but not directly addressing the price feature or excluding average variables mentioned in the original."
RELEVANT,"The generated answer provides the correct command to install pip on WSL, which is `sudo apt install python3-pip`. This matches a specific instruction from the original answer that mentions installing pip. Although the generated answer does not provide all the context and detailed instructions as the original, it directly answers the question of what command to use to install pip."
RELEVANT,"The generated answer accurately addresses the query and provides the same information as the original answer, correctly identifying the 'ocean_proximity' variable as the one to use alongside binarized price for calculating mutual information. The content is identical to the original answer, indicating high relevance."
RELEVANT,"Although the generated answer does not explicitly confirm that someone provided a solution to an AWS configuration issue in video 9.6, it correctly points out that there is no mention of such a solution in the FAQs, which aligns with the original answer's focus on configuring awscli and IAM permission policy for Week 9: Serverless."
RELEVANT,"The generated answer is similar to the original one. Both answers mention that pipenv is already installed but not accessible, and both provide the same solution steps (although in slightly different wording). The context of both answers is also consistent, as they address the issue of pipenv being unrecognized."
RELEVANT,"The generated answer is highly relevant to the original answer. The steps provided in the generated answer are identical to those mentioned in the original answer, including creating a personal GitHub repository, forking the original course repo, and linking it to the 'Community Notes' section. The only minor difference is that the generated answer does not explicitly mention adding notes to the 'Community Notes' section, but it covers all the necessary steps to achieve this goal."
NON_RELEVANT,"The generated answer discusses the use of DictVectorizer, get_dummies(), and FeatureHasher to produce one-hot encodings, whereas the original answer is about avoiding data leakage in machine learning by not using test set data for training/validation. The topics are unrelated, making the generated answer non-relevant to the original context."
RELEVANT,"The generated answer provides the same link as the original answer, which is directly related to using the mean_squared_error function for RMSE in Python. The context about machine learning regression is also relevant and similar to the original text."
PARTLY_RELEVANT,"The generated answer partially addresses the question about pushing an initial commit to GitHub, but it provides additional information that is not directly relevant to the original solution. While it correctly mentions the commands `git commit -m initial commit` and `git push origin main`, it also includes unnecessary steps such as creating a new SSH private and public key, and copying keys into the SSH keys section of the GitHub repo. This extra information detracts from the relevance of the answer to the original question."
RELEVANT,"The generated answer directly addresses the question and provides a correct response. Although the original answer contains additional information, the main point about the course being available in self-paced mode is accurately captured in the generated answer."
PARTLY_RELEVANT,"The generated answer is partly relevant because it mentions the number of workers (2560) and its relation to training on a T4 GPU in Google Colab, which aligns with the original context. However, the provided context and specific details mentioned in the original text are not fully captured or elaborated upon in the generated answer. For instance, the original text explicitly mentions the slow performance of the T4 GPU and the default worker value being 1, whereas these details are not included in the generated answer."
RELEVANT,"The generated answer directly addresses the question of whether CPU and memory values are arbitrary in HW10 Q6. The provided reasoning about milliCPU units matches the original answer's tone and provides a clear explanation. The relevance is high, as the generated answer not only answers the question but also provides context to support its conclusion."
RELEVANT,"The generated answer accurately explains the reason for the NotSupportedError when running 'eb local run --port 9696', which is the same error mentioned in the original context. Although it doesn't provide a direct quote of the original sentence, the content and message are largely similar. The only minor difference is that the generated answer doesn't mention specifically the command 'eb init -p docker tumor-diagnosis-serving' which led to the error."
RELEVANT,"The generated answer correctly identifies the issue ('manifest unknown' error) and provides a solution (using a specific tag instead of 'latest') that aligns with the original answer. The language and tone used in the generated answer are also similar to those found in the original answer, indicating a high level of relevance."
PARTLY_RELEVANT,"The generated answer provides relevant information about Lambda container images, but it is not a direct response to the original question. The provided documentation links do provide in-depth information on how Lambda container images work and how to use them, which aligns with the original context. However, the question asked for 'resources' for understanding Lambda container images, whereas the generated answer provides those resources directly. A more relevant answer would have provided a brief summary or explanation of how to understand Lambda container images in-depth."
PARTLY_RELEVANT,"The generated answer does provide a solution to the same problem as mentioned in the original answer. However, it seems to be copied from the original context, which lacks any new insights or connections to Decision Trees and Ensemble Learning, as suggested by the generated question. The relevance is partly because it addresses the import issue, but the lack of connection to the provided topic reduces its overall relevance."
RELEVANT,"The generated answer addresses the same question as the original one, providing the relevant URL and additional information about checking Apple chip or Intel chip. The context of the generated answer is similar to the original one, making it highly relevant."
PARTLY_RELEVANT,"The generated answer provides some relevant information about specifying files to be copied over in a Dockerfile using the COPY command. However, it does not provide the entire context and explanation of how to do so, as provided in the original answer. The generated answer also repeats some details from the original answer, such as the use of double quotes instead of single quotes. While it does provide some relevant information, it lacks the complete picture and fails to fully capture the essence of the original answer."
PARTLY_RELEVANT,"The generated answer explains what the command `sns.histplot(df['median_house_value'], kde=False)` does, which is partially relevant to the original answer. While it provides information about the command, it doesn't provide any context or connection to the original answer's focus on exploratory data analysis (EDA) and descriptive statistics, such as checking skewness and describing the distribution of 'median_house_value'. The generated answer only addresses a specific part of the original code, but not the broader context."
RELEVANT,"The generated answer provides the same information as the original answer, including the syntax and examples of using 'nvidia-smi -l <N seconds>'. The context is also identical, discussing the built-in function for running 'nvidia-smi' repeatedly. While some wording is slightly different, the overall content and meaning are preserved."
PARTLY_RELEVANT,"The generated answer is mostly accurate in explaining the purpose of using a seed value, but it lacks specific details about the importance of using a unique seed value (e.g., 42 vs. 9) and its connection to missing values. Additionally, the mention of 'avoiding data leakage' is not present in the original answer, which makes this part irrelevant."
PARTLY_RELEVANT,"The generated answer is partly relevant as it mentions one possible workaround, which is to downgrade the protobuf package. However, it does not mention the second workaround mentioned in the original answer (setting PROTOCOL_BUFFERS_PYTHON_IMPLEMENTATION=python) nor does it provide any additional context or information that can be found in the original answer."
PARTLY_RELEVANT,"The generated answer mentions restarting the Jupyter notebook to ensure imports work, which is a key point from the original answer. However, it's not a direct copy or summary of the original answer, and the context (FAQ database) and tone are different. The mention of `PIL` import and `pillow` installation are also specific details that are not present in the original answer."
RELEVANT,"The generated answer is highly relevant to the original answer, as it provides similar information and context. The main difference is that the generated answer is more detailed and elaborates on how to use the `info()` function and its capabilities. The provided example from the FAQ database adds credibility and makes the answer more informative."
PARTLY_RELEVANT,"The generated answer partially relevant because it correctly identifies the reason for transforming the target variable to logarithm distribution, which is addressing skewness in the data. However, it lacks the crucial point that the log transformation should only be applied when the target variable has a highly skewed distribution, as mentioned in the original answer."
RELEVANT,"The generated answer is relevant because it correctly explains the role of the seed value in achieving reproducibility in TensorFlow. The answer also includes specific details from the original text, such as setting a seed value using `tf.keras.utils.set_random_seed(seed)` and enabling op determinism with `tf.config.experimental.enable_op_determinism()`. However, the generated answer is not an exact copy of the original text, but rather provides a paraphrased explanation. Therefore, I classify it as 'RELEVANT'."
RELEVANT,"The generated answer is highly relevant to the original answer as it provides the exact solution to resolve the 'ImportError: cannot import name 'contextfilter' from 'jinja2'' error when launching a new Jupyter notebook. The generated answer matches the content and context of the original answer, providing the same instructions for resolving the error."
PARTLY_RELEVANT,"The generated answer provides some relevant information, such as identifying high correlation between features using the `unstack()` function. However, it does not directly address the original question's concern about calculating correlation before or after splitting, nor does it provide a clear solution to finding the two most correlated features."
RELEVANT,"The generated answer accurately conveys the same information as the original answer. Both answers state that the Dockerfile name should be 'dockerfile' without an extension, and provide an example of why having an extension (e.g., '.dockerfile') can cause errors when building a docker image. The context is similar between the two answers, with both referencing the creation of a Dockerfile and potential issues with extensions."
PARTLY_RELEVANT,"The generated answer does provide some relevant information about VS Code being a popular choice for machine learning tasks, which is indirectly related to the original question. However, it doesn't directly address the recommendation for an IDE, and the relevance of this information to the original answer (about accessing links in a public repository) is limited."
NON_RELEVANT,"The generated answer does not address the original question, which asks why y_pred is different from y. The generated answer instead provides an unrelated explanation of linear regression's limitations. It lacks any connection to the original context or question."
RELEVANT,"The generated answer is relevant because it directly addresses the original question about finding an alternative to '!ls -lh' for Windows Jupyter Notebook. The answer mentions using '!dir' as a solution, which aligns with the context of the original problem mentioned in the description."
RELEVANT,"Although the generated answer does not directly address the specific problem of 'the loss skyrockets and accuracy settles around 0.5', it provides a relevant solution to the broader issue of accuracy dropping or remaining unchanged after augmentation, as mentioned in the original context. The suggested check for the 'rescale' option being included in the ImageDataGenerator is consistent with the original solution provided by Konrad Mühlberg."
RELEVANT,"The generated answer directly addresses the question and provides similar advice to the original answer, albeit in a concise manner. The similarity between the two answers lies in their suggestions to rewatch the video or explore additional resources for a better understanding of the ROC AUC concept."
RELEVANT,"The generated answer provides the same method, `.copy()`, to create a deep copy of a dataframe as mentioned in the original answer. The example also matches the one provided in the original answer. The explanation and context are similar, indicating relevance."
RELEVANT,"The generated answer provides the same steps to resolve the issue as the original answer, with minor formatting differences. The key information about removing either python_version or python_full_version and creating Pipfile.lock remains identical."
RELEVANT,"The generated answer directly addresses the question 'What causes one side of the long tail distribution to have a different area?' and provides an accurate explanation. Although it does not exactly match the original answer in terms of wording and detail, it covers the same key points about the impact of high-value observations on the distribution's shape and properties."
PARTLY_RELEVANT,"The generated answer does not fully address the original question. It only provides a vague mention that 'you need to duplicate the cells' without explaining why this would fix the error or providing any additional context. While it touches on the idea of having more than one class in the data, it's not directly addressing the issue described in the error message and doesn't offer a solution as comprehensive as the original answer."
RELEVANT,"The generated answer directly responds to the question 'How much time did students of the previous cohort spend weekly?' and provides the same information as the original answer (~10 hours per week), making it highly relevant."
RELEVANT,"The generated answer provides the same steps as the original answer to resolve an error with ImageDataGenerator related to scipy, including checking if scipy is installed and restarting the kernel. Although it refers to a different question ('Error with scipy missing module in SaturnCloud'), the recommended solution is identical to the original answer."
NON_RELEVANT,"The generated answer appears to be a repetition of the original question, which is unrelated to the original answer about using the COPY command in a Dockerfile. The context and content of the generated answer do not match or provide any additional insight into the use case or example provided."
RELEVANT,"The generated answer accurately summarizes the meaning of '500m' in Kubernetes CPU limits, matching the original answer. The generated answer correctly states that '500m' means the container has a CPU limit of 500 milliCPUs, equivalent to 0.5 CPU core, which is identical to the original answer."
RELEVANT,"The generated answer is very similar to the original answer, providing an example of using `curl` to download a file on macOS. The context and content are identical, making it relevant to the original answer."
PARTLY_RELEVANT,"The generated answer is partly relevant because it does discuss fillna() and its effectiveness in regression, which aligns with the topic of the original question. However, the specific example provided in the generated answer (using `prepare_df` function) is not mentioned in the original answer. The generated answer also lacks some key details from the original answer, such as mentioning rmse() and train_linear_regression(). Overall, while the generated answer touches on relevant topics, it does not accurately capture the essence of the original answer."
RELEVANT,"The generated answer closely matches the original answer in terms of content and context. The original answer provides instructions on how to launch a Docker container and debug it, while the generated answer provides the same information with slight variations in formatting and minor additions (e.g., the warning about potential edge cases). The core message and intention behind both answers are identical, making them relevant to each other."
RELEVANT,"The generated answer provides the same GitHub repository link as the original answer, which exactly addresses the question about configuring the environment on a Mac with an M1 chip. This shows high relevance to the original answer."
PARTLY_RELEVANT,"The generated answer is partly relevant to the original answer as it also mentions deploying AWS Lambda and using API Gateway Service, which are key components of the original answer. However, the context and tone of the generated answer seem more focused on providing a general yes/no answer rather than elaborating on how to deploy a Flask application on AWS Lambda like the original answer does."
PARTLY_RELEVANT,"The generated answer partially reflects the original answer's content, but it does not fully capture its relevance. While the generated answer mentions long tail distributions and prices with wide ranges, which aligns with the original answer, it also includes an irrelevant quote that is not directly related to the topic. A more relevant generated answer would have focused solely on the suitability of np.log1p() for transforming target variables with long tail distributions."
PARTLY_RELEVANT,"The generated answer provides instructions on installing CUDA and cuDNN, which is partially relevant to the original answer. The original answer mentions setting up CUDA and cudnn to run tensorflow with gpu, whereas the generated answer focuses on a specific installation process for Ubuntu 22.04. While it addresses part of the issue, it does not directly provide guidance on how to set up CUDA and cudnn for running tensorflow with gpu, making it only partly relevant."
RELEVANT,"The generated answer is highly relevant to the original answer. The provided solution is identical to the one mentioned in the original answer, which is to use the `get_feature_names_out()` method from DictVectorizer function. The context and purpose of the answers are also similar, focusing on resolving a warning related to `get_feature_names` deprecation."
RELEVANT,"The generated answer is identical to the original answer, including the syntax and formatting details. The only difference is that it lacks additional context provided in the original answer (i.e., note about using double quotes instead of single quotes)."
PARTLY_RELEVANT,"The generated answer provides some relevant information, such as creating a virtual environment using the `Cmd` command and writing requirements in a text file with `pip freeze`. However, it also introduces new topics like updating Pipfile.lock and installing dependencies, which are not present in the original question. The answer does attempt to address the issue of incorrect updates, but veers off into additional solutions that were not asked about."
NON_RELEVANT,"The generated answer appears to be unrelated to the original context. The original question is about storage space on an AWS instance, whereas the generated answer seems to be about posting frequencies for a midterm project. The topic shift and lack of relevance between the two answers make it 'NON_RELEVANT'."
PARTLY_RELEVANT,"The generated answer provides some relevant information, as it mentions that specifying the number of 'workers' in 'model.fit()' can speed up data loading/generation. However, the main focus is on providing answers to different questions from the original context, which deviates slightly from the original question and answer. The connection between the provided sections and the original context could be more explicitly stated."
RELEVANT,"The generated answer provides an identical response to the original answer, including the same code snippets and detailed explanations. This level of similarity and relevance indicates that the generated answer effectively captures the key information from the original answer."
PARTLY_RELEVANT,"The generated answer is partially relevant because it addresses the same topic as the original answer (data splitting and its impact on accuracy). However, the context of the original answer was specific to a homework scenario, whereas the generated answer focuses more generally on data splitting without explicitly mentioning the relevance to homework options. The language and structure are also quite different between the two answers."
RELEVANT,"The generated answer addresses the same topic as the original answer, providing a solution to push Docker images to Google Container Registry. Although it does not copy the exact command from the original answer, it provides the correct solution using `gcloud auth configure-docker` and also adds useful additional information about ensuring the Docker daemon is running."
PARTLY_RELEVANT,"The generated answer partially matches the context and content of the original answer. While it correctly explains how to calculate RMSE, it deviates from the original text by adding additional information about using `sklearn.metrics.mean_squared_error` with `squared=False`, which is not present in the original answer. Additionally, the tone and language used are similar, but not identical to the original text."
RELEVANT,"The generated answer accurately addresses the same issue of GitHub password authentication being no longer supported, and provides the correct solution (creating a personal access token) along with additional guidance. The provided documentation link is also consistent with the original answer's suggestion. Overall, the generated answer is highly relevant to the original one."
PARTLY_RELEVANT,"The generated answer is partially relevant because it does provide instructions on where to find information about installing TensorFlow GPU on Ubuntu. However, the original answer also mentioned specific links and resources that were not included in the generated answer. The generated answer only provided a brief summary of the available sources rather than providing detailed instructions like the original answer."
PARTLY_RELEVANT,"The generated answer is partially relevant as it correctly identifies the role of 'y_true' in calculating the AUC score, but only focuses on its relationship to the target variable. The original answer provides more context about how 'y_true' and 'y_score' are used together, which is not fully captured in the generated answer."
PARTLY_RELEVANT,"The generated answer is partially relevant as it mentions Quinn Avila's solution, which is correct. However, the solution itself (restarting the Jupyter notebook) is not accurately described in the generated answer. The original answer provides a clear description of the steps taken to resolve the issue, whereas the generated answer only asks about Quinn Avila's solution without providing any relevant information."
NON_RELEVANT,"The generated answer mentions applying log transformation to the median_house_value target, which is not mentioned in the original answer. The original answer explains that the target was changed to binary format because it's a continuous variable, and mutual information score calculation doesn't work well with continuous variables. There is no mention of log transformation or modifying the target for each question."
